{"avg_generated_line": [[0, 2], [0, 3], [0, 4], [1, 3], [2, 0], [2, 1], [2, 4], [3, 1], [3, 3], [4, 2]], "mean_sat_od": 5.063737869262695, "mean_sat_od_pct": 0.744742751121521, "mean_sat_od_by_group": [1.6950905323028564, 0.8802756667137146, 0.8966408371925354], "mean_sat_od_by_group_pct": [1.0, 1.0, 1.0], "mean_sat_group_od": 3.4720070362091064, "mean_sat_group_od_pct": 0.9999999403953552, "group_gini": 0.15645415021562345, "group_pct_gini": 0.0, "mean_distance": 0.6666666865348816, "mean_group_distance": [1.0, 0.5, 0.5]}