{"avg_generated_line": [[0, 3], [0, 4], [1, 1], [1, 3], [2, 0], [2, 1], [2, 4], [3, 1], [3, 3], [4, 2]], "mean_sat_od": 5.352173328399658, "mean_sat_od_pct": 0.787164032459259, "mean_sat_od_by_group": [1.6950905323028564, 0.3919035494327545, 0.8966408371925354], "mean_sat_od_by_group_pct": [1.0, 0.4452054785245022, 1.0], "mean_sat_group_od": 2.9836349189281464, "mean_sat_group_od_pct": 0.8593400716781616, "group_gini": 0.2911855322518848, "group_pct_gini": 0.15126050451194928, "mean_distance": 0.6666666865348816, "mean_group_distance": [1.0, 0.5, 0.5]}