{"avg_generated_line": [[0, 4], [1, 2], [1, 3], [2, 1], [2, 2], [3, 1], [4, 0], [4, 1]], "mean_sat_od": 3.0833332538604736, "mean_sat_od_pct": 0.8043478727340698, "mean_sat_od_by_group": [1.5, 2.25, 0.5833333134651184], "mean_sat_od_by_group_pct": [1.0, 0.8709677687296642, 0.4374999720603236], "mean_sat_group_od": 4.333333313465118, "mean_sat_group_od_pct": 0.7999999523162842, "group_gini": 0.2564102606425389, "group_pct_gini": 0.16244542299652012, "mean_distance": 0.3333333432674408, "mean_group_distance": [0.0, 0.0, 1.0]}