{"avg_generated_line": [[0, 2], [0, 3], [0, 4], [1, 3], [1, 4], [2, 3], [2, 4], [3, 1], [3, 3], [4, 2]], "mean_sat_od": 3.047373056411743, "mean_sat_od_pct": 0.4481884837150574, "mean_sat_od_by_group": [0.727820873260498, 0.8802756667137146, 0.8966408371925354], "mean_sat_od_by_group_pct": [0.42936991233838157, 1.0, 1.0], "mean_sat_group_od": 2.504737377166748, "mean_sat_group_od_pct": 0.721409022808075, "group_gini": 0.044933510254342966, "group_pct_gini": 0.1565920679716113, "mean_distance": 0.6666666865348816, "mean_group_distance": [1.0, 0.5, 0.5]}